Model,Forward Time (ms),Backward Time (ms),Optimizer Time (ms),Total Time (ms),Memory Usage (MB),Throughput (samples/s),Batch Size
create_resnet50,8.014178276062012,13.436913490295408,1.9799709320068373,23.431062698364258,662.1806640625,42.67838863620176,1
create_resnet50,7.486844062805176,10.735046863555906,1.9752264022827175,20.1971173286438,746.2392578125,99.02403236344898,2
create_resnet50,7.769227027893066,10.460436344146729,2.067458629608155,20.29712200164795,911.8955078125,197.07227456558792,4
create_resnet50,7.439112663269043,11.276113986968996,1.9607424736022943,20.675969123840332,1241.83544921875,386.9226130143344,8
create_resnet50,10.814666748046875,19.80828046798706,2.949380874633787,33.572328090667725,1909.28173828125,476.5829750260187,16
create_resnet50,18.645143508911133,34.81615781784058,2.7295470237731907,56.1908483505249,3233.359375,569.4877535996674,32
create_resnet50,35.552775859832764,64.42857980728151,2.9247403144836426,102.90609598159791,5889.2255859375,621.9262269112293,64
