,Size (M elements),Bandwidth (GB/s)
1,10,796.3868354
2,20,991.7566108
3,50,1248.924268
4,100,1266.204981
5,200,1261.12874
6,500,1268.886401
